timestamp,target_l,actual_l,error_l,target_r,actual_r,error_r
2026-05-26T22:49:19.263492,-0.3000,0.0000,0.3500,-0.3000,0.0000,0.3500
2026-05-26T22:49:19.364609,-0.3000,-0.1394,-0.1606,-0.3000,-0.1246,-0.1754
2026-05-26T22:49:19.465599,-0.3000,-0.3002,0.0002,-0.3000,-0.2584,-0.0416
2026-05-26T22:49:19.566601,-0.3000,-0.2959,-0.0041,-0.3000,-0.3172,0.0172
2026-05-26T22:49:19.667604,-0.3000,-0.3025,0.0025,-0.3000,-0.3079,0.0079
2026-05-26T22:49:19.768608,-0.3000,-0.3012,0.0012,-0.3000,-0.2933,-0.0067
2026-05-26T22:49:19.869614,-0.3000,-0.2997,-0.0003,-0.3000,-0.3036,0.0036
2026-05-26T22:49:19.970619,-0.3000,-0.3041,0.0041,-0.3000,-0.3052,0.0052
2026-05-26T22:49:20.071621,-0.3000,-0.3012,0.0012,-0.3000,-0.2980,-0.0020
2026-05-26T22:49:20.172627,-0.3000,-0.2997,-0.0003,-0.3000,-0.2979,-0.0021
2026-05-26T22:49:20.273653,-0.3000,-0.3011,0.0011,-0.3000,-0.3047,0.0047
2026-05-26T22:49:20.374630,-0.3000,-0.3037,0.0037,-0.3000,-0.3026,0.0026
2026-05-26T22:49:20.475643,-0.3000,-0.3024,0.0024,-0.3000,-0.3022,0.0022
2026-05-26T22:49:20.576649,-0.3000,-0.3020,0.0020,-0.3000,-0.3010,0.0010
2026-05-26T22:49:20.677652,-0.3000,-0.3011,0.0011,-0.3000,-0.3016,0.0016
2026-05-26T22:49:20.778655,-0.3000,-0.3045,0.0045,-0.3000,-0.3036,0.0036
2026-05-26T22:49:20.879661,-0.3000,-0.3013,0.0013,-0.3000,-0.3029,0.0029
2026-05-26T22:49:20.980667,-0.3000,-0.3058,0.0058,-0.3000,-0.3075,0.0075
2026-05-26T22:49:21.081669,-0.3000,-0.3046,0.0046,-0.3000,-0.3020,0.0020
2026-05-26T22:49:21.182727,-0.3000,-0.3015,0.0015,-0.3000,-0.3023,0.0023
2026-05-26T22:49:21.284536,-0.3000,-0.3024,0.0024,-0.3000,-0.3008,0.0008
2026-05-26T22:49:21.385582,-0.3000,-0.1359,-0.1641,-0.3000,-0.1542,-0.1458
2026-05-26T22:49:21.486587,-0.3000,0.0065,-0.3065,-0.3000,-0.0026,-0.2974
2026-05-26T22:49:21.587584,-0.3000,0.0000,-0.3000,-0.3000,0.0014,-0.3014
2026-05-26T22:49:21.688592,-0.3000,0.0000,-0.3000,-0.3000,0.0000,-0.3000
2026-05-26T22:49:30.992568,0.4000,0.0000,-0.3000,0.4000,0.0000,-0.3000
2026-05-26T22:49:31.093228,0.4000,0.1473,0.2527,0.4000,0.1500,0.2500
2026-05-26T22:49:31.194214,0.4000,0.3355,0.0645,0.4000,0.3306,0.0694
2026-05-26T22:49:31.295217,0.4000,0.3908,0.0092,0.4000,0.3756,0.0244
2026-05-26T22:49:31.396223,0.4000,0.4022,-0.0022,0.4000,0.3954,0.0046
2026-05-26T22:49:31.497227,0.4000,0.3993,0.0007,0.4000,0.3998,0.0002
2026-05-26T22:49:31.598232,0.4000,0.4022,-0.0022,0.4000,0.4008,-0.0008
2026-05-26T22:49:31.699234,0.4000,0.4003,-0.0003,0.4000,0.4023,-0.0023
2026-05-26T22:49:31.800249,0.4000,0.3993,0.0007,0.4000,0.3990,0.0010
2026-05-26T22:49:31.901273,0.4000,0.3999,0.0001,0.4000,0.4018,-0.0018
2026-05-26T22:49:32.002252,0.4000,0.4014,-0.0014,0.4000,0.3999,0.0001
2026-05-26T22:49:32.103254,0.4000,0.4006,-0.0006,0.4000,0.4034,-0.0034
2026-05-26T22:49:32.205149,0.4000,0.3992,0.0008,0.4000,0.3989,0.0011
2026-05-26T22:49:32.306268,0.4000,0.4005,-0.0005,0.4000,0.4003,-0.0003
2026-05-26T22:49:32.407269,0.4000,0.4012,-0.0012,0.4000,0.4025,-0.0025
2026-05-26T22:49:32.509107,0.4000,0.4006,-0.0006,0.4000,0.3997,0.0003
2026-05-26T22:49:32.610150,0.4000,0.1978,0.2022,0.4000,0.2189,0.1811
2026-05-26T22:49:32.711349,0.4000,-0.0045,0.4045,0.4000,0.0097,0.3903
2026-05-26T22:49:32.812323,0.4000,-0.0007,0.4007,0.4000,-0.0027,0.4027
2026-05-26T22:49:32.913358,0.4000,0.0000,0.4000,0.4000,-0.0006,0.4006
2026-05-26T22:49:39.786023,-0.4000,0.0000,0.4000,-0.4000,0.0000,0.4000
2026-05-26T22:49:39.886645,-0.4000,-0.1447,-0.2553,-0.4000,-0.1536,-0.2464
2026-05-26T22:49:39.987634,-0.4000,-0.3252,-0.0748,-0.4000,-0.3323,-0.0677
2026-05-26T22:49:40.088640,-0.4000,-0.3704,-0.0296,-0.4000,-0.3929,-0.0071
2026-05-26T22:49:40.189642,-0.4000,-0.3840,-0.0160,-0.4000,-0.4156,0.0156
2026-05-26T22:49:40.290645,-0.4000,-0.3959,-0.0041,-0.4000,-0.3976,-0.0024
2026-05-26T22:49:40.391656,-0.4000,-0.4026,0.0026,-0.4000,-0.3977,-0.0023
2026-05-26T22:49:40.492668,-0.4000,-0.3974,-0.0026,-0.4000,-0.4019,0.0019
2026-05-26T22:49:40.593669,-0.4000,-0.4058,0.0058,-0.4000,-0.4030,0.0030
2026-05-26T22:49:40.694670,-0.4000,-0.3999,-0.0001,-0.4000,-0.4017,0.0017
2026-05-26T22:49:40.795674,-0.4000,-0.4011,0.0011,-0.4000,-0.4024,0.0024
2026-05-26T22:49:40.896675,-0.4000,-0.4012,0.0012,-0.4000,-0.3990,-0.0010
2026-05-26T22:49:40.997686,-0.4000,-0.4052,0.0052,-0.4000,-0.4063,0.0063
2026-05-26T22:49:41.098698,-0.4000,-0.4054,0.0054,-0.4000,-0.4062,0.0062
2026-05-26T22:49:41.199691,-0.4000,-0.4020,0.0020,-0.4000,-0.4041,0.0041
2026-05-26T22:49:41.301523,-0.4000,-0.4052,0.0052,-0.4000,-0.4019,0.0019
2026-05-26T22:49:41.402605,-0.4000,-0.1969,-0.2031,-0.4000,-0.2170,-0.1830
2026-05-26T22:49:41.503705,-0.4000,0.0044,-0.4044,-0.4000,-0.0063,-0.3937
2026-05-26T22:49:41.604770,-0.4000,-0.0007,-0.3993,-0.4000,0.0028,-0.4028
2026-05-26T22:49:41.705754,-0.4000,0.0000,-0.4000,-0.4000,0.0000,-0.4000
2026-05-26T22:49:55.509597,0.1500,0.0000,-0.4000,0.1500,0.0000,-0.4000
2026-05-26T22:49:55.610398,0.1500,0.0726,0.0774,0.1500,0.0634,0.0866
2026-05-26T22:49:55.711386,0.1500,0.1598,-0.0098,0.1500,0.1589,-0.0089
2026-05-26T22:49:55.812394,0.1500,0.1541,-0.0041,0.1500,0.1541,-0.0041
2026-05-26T22:49:55.913396,0.1500,0.1493,0.0007,0.1500,0.1474,0.0026
2026-05-26T22:49:56.014401,0.1500,0.1493,0.0007,0.1500,0.1527,-0.0027
2026-05-26T22:49:56.115404,0.1500,0.1506,-0.0006,0.1500,0.1479,0.0021
2026-05-26T22:49:56.216410,0.1500,0.1513,-0.0013,0.1500,0.1515,-0.0015
2026-05-26T22:49:56.317414,0.1500,0.1494,0.0006,0.1500,0.1502,-0.0002
2026-05-26T22:49:56.418419,0.1500,0.1507,-0.0007,0.1500,0.1493,0.0007
2026-05-26T22:49:56.519423,0.1500,0.1487,0.0013,0.1500,0.1508,-0.0008
2026-05-26T22:49:56.620430,0.1500,0.1518,-0.0018,0.1500,0.1494,0.0006
2026-05-26T22:49:56.721436,0.1500,0.1513,-0.0013,0.1500,0.1522,-0.0022
2026-05-26T22:49:56.822485,0.1500,0.1521,-0.0021,0.1500,0.1509,-0.0009
2026-05-26T22:49:56.923396,0.1500,0.1500,-0.0000,0.1500,0.1507,-0.0007
2026-05-26T22:49:57.024456,0.1500,0.1492,0.0008,0.1500,0.1507,-0.0007
2026-05-26T22:49:57.125453,0.1500,0.1514,-0.0014,0.1500,0.1508,-0.0008
2026-05-26T22:49:57.226461,0.1500,0.1485,0.0015,0.1500,0.1486,0.0014
2026-05-26T22:49:57.327483,0.1500,0.1514,-0.0014,0.1500,0.1515,-0.0015
2026-05-26T22:49:57.428488,0.1500,0.1520,-0.0020,0.1500,0.1507,-0.0007
2026-05-26T22:49:57.529473,0.1500,0.1480,0.0020,0.1500,0.1488,0.0012
2026-05-26T22:49:57.630428,0.1500,0.1519,-0.0019,0.1500,0.1515,-0.0015
2026-05-26T22:49:57.731490,0.1500,0.1500,0.0000,0.1500,0.1503,-0.0003
2026-05-26T22:49:57.832489,0.1500,0.1507,-0.0007,0.1500,0.1488,0.0012
2026-05-26T22:49:57.933494,0.1500,0.1506,-0.0006,0.1500,0.1509,-0.0009
2026-05-26T22:49:58.034501,0.1500,0.1499,0.0001,0.1500,0.1521,-0.0021
2026-05-26T22:49:58.135507,0.1500,0.1506,-0.0006,0.1500,0.1501,-0.0001
2026-05-26T22:49:58.236496,0.1500,0.1486,0.0014,0.1500,0.1508,-0.0008
2026-05-26T22:49:58.337523,0.1500,0.1526,-0.0026,0.1500,0.1501,-0.0001
2026-05-26T22:49:58.438521,0.1500,0.1500,0.0000,0.1500,0.1503,-0.0003
2026-05-26T22:49:58.540300,0.1500,0.1487,0.0013,0.1500,0.1494,0.0006
2026-05-26T22:49:58.641410,0.1500,0.0743,0.0757,0.1500,0.0808,0.0692
2026-05-26T22:49:58.742572,0.1500,-0.0007,0.1507,0.1500,-0.0035,0.1535
2026-05-26T22:49:58.843592,0.1500,-0.0026,0.1526,0.1500,0.0000,0.1500
2026-05-26T22:50:04.810993,-0.1500,0.0000,0.1500,-0.1500,0.0000,0.1500
2026-05-26T22:50:04.911853,-0.1500,-0.0952,-0.0548,-0.1500,-0.0779,-0.0721
2026-05-26T22:50:05.012840,-0.1500,-0.1560,0.0060,-0.1500,-0.1667,0.0167
2026-05-26T22:50:05.113859,-0.1500,-0.1568,0.0068,-0.1500,-0.1561,0.0061
2026-05-26T22:50:05.214844,-0.1500,-0.1487,-0.0013,-0.1500,-0.1463,-0.0037
2026-05-26T22:50:05.315849,-0.1500,-0.1494,-0.0006,-0.1500,-0.1507,0.0007
2026-05-26T22:50:05.416851,-0.1500,-0.1493,-0.0007,-0.1500,-0.1493,-0.0007
2026-05-26T22:50:05.517861,-0.1500,-0.1520,0.0020,-0.1500,-0.1508,0.0008
2026-05-26T22:50:05.618864,-0.1500,-0.1500,0.0000,-0.1500,-0.1508,0.0008
2026-05-26T22:50:05.719868,-0.1500,-0.1506,0.0006,-0.1500,-0.1508,0.0008
2026-05-26T22:50:05.820875,-0.1500,-0.1499,-0.0001,-0.1500,-0.1501,0.0001
2026-05-26T22:50:05.921880,-0.1500,-0.1492,-0.0008,-0.1500,-0.1507,0.0007
2026-05-26T22:50:06.022887,-0.1500,-0.1512,0.0012,-0.1500,-0.1514,0.0014
2026-05-26T22:50:06.123887,-0.1500,-0.1500,-0.0000,-0.1500,-0.1494,-0.0006
2026-05-26T22:50:06.224892,-0.1500,-0.1507,0.0007,-0.1500,-0.1488,-0.0012
2026-05-26T22:50:06.325862,-0.1500,-0.1513,0.0013,-0.1500,-0.1514,0.0014
2026-05-26T22:50:06.426908,-0.1500,-0.1493,-0.0007,-0.1500,-0.1494,-0.0006
2026-05-26T22:50:06.527906,-0.1500,-5.1320,4.9820,-0.1500,-5.1511,5.0011
2026-05-26T22:50:06.628911,-0.1500,-0.1506,0.0006,-0.1500,-0.1501,0.0001
2026-05-26T22:50:06.729915,-0.1500,-0.1494,-0.0006,-0.1500,-0.1488,-0.0012
2026-05-26T22:50:06.830921,-0.1500,-0.1513,0.0013,-0.1500,-0.1528,0.0028
2026-05-26T22:50:06.931929,-0.1500,-0.1487,-0.0013,-0.1500,-0.1507,0.0007
2026-05-26T22:50:07.032879,-0.1500,-0.1526,0.0026,-0.1500,-0.1522,0.0022
2026-05-26T22:50:07.133944,-0.1500,-0.1501,0.0001,-0.1500,-0.1509,0.0009
2026-05-26T22:50:07.234939,-0.1500,-0.1508,0.0008,-0.1500,-0.1487,-0.0013
2026-05-26T22:50:07.335947,-0.1500,-0.1500,0.0000,-0.1500,-0.1495,-0.0005
2026-05-26T22:50:07.436950,-0.1500,-0.1512,0.0012,-0.1500,-0.1501,0.0001
2026-05-26T22:50:07.537959,-0.1500,-0.1499,-0.0001,-0.1500,-0.1508,0.0008
2026-05-26T22:50:07.638909,-0.1500,-0.1501,0.0001,-0.1500,-0.1487,-0.0013
2026-05-26T22:50:07.739985,-0.1500,-5.6817,5.5317,-0.1500,-5.7136,5.5636
2026-05-26T22:50:07.841807,-0.1500,-0.1487,-0.0013,-0.1500,-0.1509,0.0009
2026-05-26T22:50:07.943014,-0.1500,-0.0480,-0.1020,-0.1500,-0.0638,-0.0862
2026-05-26T22:50:08.044027,-0.1500,-0.0001,-0.1499,-0.1500,0.0076,-0.1576
2026-05-26T22:50:08.145027,-0.1500,0.0000,-0.1500,-0.1500,0.0000,-0.1500
2026-05-26T22:50:08.245974,-0.1500,0.0000,-0.1500,-0.1500,0.0000,-0.1500
2026-05-26T22:50:17.093454,0.3600,0.0000,-0.1500,0.3600,0.0000,-0.1500
2026-05-26T22:50:17.194387,0.3600,0.1481,0.2119,0.3600,0.1488,0.2112
2026-05-26T22:50:17.295377,0.3600,0.3187,0.0413,0.3600,0.3100,0.0500
2026-05-26T22:50:17.396373,0.3600,0.3676,-0.0076,0.3600,0.3632,-0.0032
2026-05-26T22:50:17.497377,0.3600,0.3579,0.0021,0.3600,0.3707,-0.0107
2026-05-26T22:50:17.598381,0.3600,0.3608,-0.0008,0.3600,0.3581,0.0019
2026-05-26T22:50:17.699386,0.3600,0.3623,-0.0023,0.3600,0.3587,0.0013
2026-05-26T22:50:17.800391,0.3600,0.3602,-0.0002,0.3600,0.3602,-0.0002
2026-05-26T22:50:17.901444,0.3600,0.3596,0.0004,0.3600,0.3609,-0.0009
2026-05-26T22:50:18.002454,0.3600,0.3649,-0.0049,0.3600,0.3641,-0.0041
2026-05-26T22:50:18.103464,0.3600,0.3618,-0.0018,0.3600,0.3618,-0.0018
2026-05-26T22:50:18.204468,0.3600,0.3599,0.0001,0.3600,0.3605,-0.0005
2026-05-26T22:50:18.305472,0.3600,0.3618,-0.0018,0.3600,0.3611,-0.0011
2026-05-26T22:50:18.406479,0.3600,0.3611,-0.0011,0.3600,0.3604,-0.0004
2026-05-26T22:50:18.507481,0.3600,0.3599,0.0001,0.3600,0.3618,-0.0018
2026-05-26T22:50:18.608489,0.3600,0.3609,-0.0009,0.3600,0.3587,0.0013
2026-05-26T22:50:18.709481,0.3600,0.3607,-0.0007,0.3600,0.3620,-0.0020
2026-05-26T22:50:18.810516,0.3600,0.3605,-0.0005,0.3600,0.3618,-0.0018
2026-05-26T22:50:18.911502,0.3600,0.3604,-0.0004,0.3600,0.3637,-0.0037
2026-05-26T22:50:19.012507,0.3600,0.3624,-0.0024,0.3600,0.3611,-0.0011
2026-05-26T22:50:19.114343,0.3600,0.3602,-0.0002,0.3600,0.3594,0.0006
2026-05-26T22:50:19.215401,0.3600,0.1751,0.1849,0.3600,0.1917,0.1683
2026-05-26T22:50:19.316559,0.3600,-0.0066,0.3666,0.3600,0.0060,0.3540
2026-05-26T22:50:19.417574,0.3600,0.0001,0.3599,0.3600,-0.0022,0.3622
2026-05-26T22:50:19.518562,0.3600,0.0000,0.3600,0.3600,-0.0014,0.3614
2026-05-26T22:50:23.481159,-0.3600,0.0000,0.3600,-0.3600,0.0000,0.3600
2026-05-26T22:50:23.581685,-0.3600,-0.1211,-0.2389,-0.3600,-0.1191,-0.2409
2026-05-26T22:50:23.682746,-0.3600,-0.3294,-0.0306,-0.3600,-0.3068,-0.0532
2026-05-26T22:50:23.783735,-0.3600,-0.3662,0.0062,-0.3600,-0.3758,0.0158
2026-05-26T22:50:23.884739,-0.3600,-0.3618,0.0018,-0.3600,-0.3791,0.0191
2026-05-26T22:50:23.985744,-0.3600,-0.3639,0.0039,-0.3600,-0.3535,-0.0065
2026-05-26T22:50:24.086749,-0.3600,-0.3643,0.0043,-0.3600,-0.3620,0.0020
2026-05-26T22:50:24.187756,-0.3600,-0.3634,0.0034,-0.3600,-0.3685,0.0085
2026-05-26T22:50:24.288708,-0.3600,-0.3625,0.0025,-0.3600,-0.3615,0.0015
2026-05-26T22:50:24.389771,-0.3600,-0.3665,0.0065,-0.3600,-0.3640,0.0040
2026-05-26T22:50:24.490772,-0.3600,-0.3636,0.0036,-0.3600,-0.3610,0.0010
2026-05-26T22:50:24.591809,-0.3600,-0.3615,0.0015,-0.3600,-0.3642,0.0042
2026-05-26T22:50:24.692780,-0.3600,-0.3645,0.0045,-0.3600,-0.3666,0.0066
2026-05-26T22:50:24.793811,-0.3600,-0.3632,0.0032,-0.3600,-0.3642,0.0042
2026-05-26T22:50:24.894759,-0.3600,-0.3651,0.0051,-0.3600,-0.3636,0.0036
2026-05-26T22:50:24.995743,-0.3600,-0.3624,0.0024,-0.3600,-0.3594,-0.0006
2026-05-26T22:50:25.096743,-0.3600,-0.3632,0.0032,-0.3600,-0.3644,0.0044
2026-05-26T22:50:25.197747,-0.3600,-0.3640,0.0040,-0.3600,-0.3677,0.0077
2026-05-26T22:50:25.298752,-0.3600,-0.3664,0.0064,-0.3600,-0.3669,0.0069
2026-05-26T22:50:25.399756,-0.3600,-0.3661,0.0061,-0.3600,-0.3633,0.0033
2026-05-26T22:50:25.501598,-0.3600,-0.3629,0.0029,-0.3600,-0.3608,0.0008
2026-05-26T22:50:25.602657,-0.3600,-0.1751,-0.1849,-0.3600,-0.1943,-0.1657
2026-05-26T22:50:25.703661,-0.3600,0.0060,-0.3660,-0.3600,0.0016,-0.3616
2026-05-26T22:50:25.804658,-0.3600,0.0000,-0.3600,-0.3600,0.0014,-0.3614
2026-05-26T22:50:25.905669,-0.3600,0.0000,-0.3600,-0.3600,0.0000,-0.3600
